{
  "project_info": {
    "project_number": "402715534243",
    "project_id": "password-manager-licenta",
    "storage_bucket": "password-manager-licenta.appspot.com"
  },
  "client": [
    {
      "client_info": {
        "mobilesdk_app_id": "1:402715534243:android:8a2162c7114b058e0e3016",
        "android_client_info": {
          "package_name": "com.licenta.password"
        }
      },
      "oauth_client": [
        {
          "client_id": "402715534243-of02a3en7l4eas0430767pnehgqno001.apps.googleusercontent.com",
          "client_type": 3
        }
      ],
      "api_key": [
        {
          "current_key": "AIzaSyBCc5Cnlx57WUbvcnPxDzFX5l1QDWKZwmA"
        }
      ],
      "services": {
        "appinvite_service": {
          "other_platform_oauth_client": [
            {
              "client_id": "402715534243-of02a3en7l4eas0430767pnehgqno001.apps.googleusercontent.com",
              "client_type": 3
            }
          ]
        }
      }
    }
  ],
  "configuration_version": "1"
}